{
  "incumbent_ids": [
    23
  ],
  "rejected_config_ids": [
    2,
    3,
    4,
    5,
    6,
    7,
    8,
    9,
    10,
    11,
    12,
    13,
    1,
    15,
    16,
    17,
    18,
    14,
    20,
    21,
    22,
    19,
    24,
    25,
    26,
    27,
    28,
    29,
    30,
    31,
    32,
    33
  ],
  "incumbents_changed": 4,
  "trajectory": [
    {
      "config_ids": [
        1
      ],
      "costs": [
        0.7930030024848527
      ],
      "trial": 1,
      "walltime": 0.0
    },
    {
      "config_ids": [
        14
      ],
      "costs": [
        0.619602247361985
      ],
      "trial": 41,
      "walltime": 0.46102309226989746
    },
    {
      "config_ids": [
        19
      ],
      "costs": [
        0.6014543713375765
      ],
      "trial": 56,
      "walltime": 0.6590545177459717
    },
    {
      "config_ids": [
        23
      ],
      "costs": [
        0.5917619286356848
      ],
      "trial": 68,
      "walltime": 0.6991958618164062
    }
  ],
  "state": {
    "queue": [
      [
        34,
        2
      ]
    ]
  }
}