{
  "incumbent_ids": [
    30
  ],
  "rejected_config_ids": [
    2,
    3,
    4,
    5,
    6,
    7,
    8,
    9,
    10,
    11,
    12,
    13,
    14,
    1,
    16,
    17,
    18,
    19,
    15,
    21,
    22,
    23,
    24,
    25,
    26,
    27,
    28,
    29,
    20,
    31,
    32,
    33
  ],
  "incumbents_changed": 4,
  "trajectory": [
    {
      "config_ids": [
        1
      ],
      "costs": [
        0.5759043316301208
      ],
      "trial": 1,
      "walltime": 0.0
    },
    {
      "config_ids": [
        15
      ],
      "costs": [
        0.5635728734859126
      ],
      "trial": 44,
      "walltime": 1.3302457332611084
    },
    {
      "config_ids": [
        20
      ],
      "costs": [
        0.5488056150635295
      ],
      "trial": 59,
      "walltime": 2.0403804779052734
    },
    {
      "config_ids": [
        30
      ],
      "costs": [
        0.42693727160064987
      ],
      "trial": 89,
      "walltime": 2.931598424911499
    }
  ],
  "state": {
    "queue": [
      [
        34,
        2
      ]
    ]
  }
}