{
  "incumbent_ids": [
    20
  ],
  "rejected_config_ids": [
    2,
    3,
    4,
    5,
    6,
    7,
    8,
    9,
    10,
    11,
    1,
    13,
    12,
    15,
    16,
    17,
    18,
    19,
    14,
    21,
    22,
    23,
    24,
    25,
    26,
    27,
    28,
    29,
    30,
    31,
    32,
    33
  ],
  "incumbents_changed": 4,
  "trajectory": [
    {
      "config_ids": [
        1
      ],
      "costs": [
        0.9160391828921893
      ],
      "trial": 1,
      "walltime": 0.0
    },
    {
      "config_ids": [
        12
      ],
      "costs": [
        0.9136894727607036
      ],
      "trial": 35,
      "walltime": 0.40070176124572754
    },
    {
      "config_ids": [
        14
      ],
      "costs": [
        0.7345276704587022
      ],
      "trial": 41,
      "walltime": 0.4211111068725586
    },
    {
      "config_ids": [
        20
      ],
      "costs": [
        0.7035782600442827
      ],
      "trial": 59,
      "walltime": 0.6354436874389648
    }
  ],
  "state": {
    "queue": [
      [
        34,
        2
      ]
    ]
  }
}