{
  "incumbent_ids": [
    17
  ],
  "rejected_config_ids": [
    2,
    3,
    1,
    5,
    6,
    7,
    8,
    9,
    10,
    11,
    12,
    13,
    14,
    15,
    16,
    4,
    18,
    19,
    20,
    21,
    22,
    23,
    24,
    25,
    26,
    27,
    28,
    29,
    30,
    31,
    32,
    33
  ],
  "incumbents_changed": 3,
  "trajectory": [
    {
      "config_ids": [
        1
      ],
      "costs": [
        0.7931686543256949
      ],
      "trial": 1,
      "walltime": 0.0
    },
    {
      "config_ids": [
        4
      ],
      "costs": [
        0.6256269729233066
      ],
      "trial": 11,
      "walltime": 0.3509993553161621
    },
    {
      "config_ids": [
        17
      ],
      "costs": [
        0.5382764848207477
      ],
      "trial": 50,
      "walltime": 0.8665437698364258
    }
  ],
  "state": {
    "queue": [
      [
        34,
        2
      ]
    ]
  }
}