{
  "incumbent_ids": [
    24
  ],
  "rejected_config_ids": [
    2,
    3,
    4,
    5,
    6,
    7,
    8,
    9,
    10,
    11,
    12,
    13,
    14,
    1,
    16,
    17,
    18,
    19,
    20,
    21,
    22,
    23,
    15,
    25,
    26,
    27,
    28,
    29,
    30,
    31,
    32,
    33
  ],
  "incumbents_changed": 3,
  "trajectory": [
    {
      "config_ids": [
        1
      ],
      "costs": [
        0.5949072863580463
      ],
      "trial": 1,
      "walltime": 0.0
    },
    {
      "config_ids": [
        15
      ],
      "costs": [
        0.5364799061579285
      ],
      "trial": 44,
      "walltime": 1.4819998741149902
    },
    {
      "config_ids": [
        24
      ],
      "costs": [
        0.477225014959008
      ],
      "trial": 71,
      "walltime": 2.216909170150757
    }
  ],
  "state": {
    "queue": [
      [
        34,
        2
      ]
    ]
  }
}