{
  "incumbent_ids": [
    17
  ],
  "rejected_config_ids": [
    1,
    3,
    4,
    2,
    6,
    7,
    8,
    9,
    10,
    11,
    12,
    13,
    14,
    15,
    16,
    5,
    18,
    19,
    20,
    21,
    22,
    23,
    24,
    25,
    26,
    27,
    28,
    29,
    30,
    31,
    32,
    33
  ],
  "incumbents_changed": 4,
  "trajectory": [
    {
      "config_ids": [
        1
      ],
      "costs": [
        0.971196724731315
      ],
      "trial": 1,
      "walltime": 0.0
    },
    {
      "config_ids": [
        2
      ],
      "costs": [
        0.9563417513635952
      ],
      "trial": 4,
      "walltime": 0.13999438285827637
    },
    {
      "config_ids": [
        5
      ],
      "costs": [
        0.9230968717592467
      ],
      "trial": 14,
      "walltime": 0.16199517250061035
    },
    {
      "config_ids": [
        17
      ],
      "costs": [
        0.7345276704587022
      ],
      "trial": 50,
      "walltime": 0.421994686126709
    }
  ],
  "state": {
    "queue": [
      [
        34,
        2
      ]
    ]
  }
}