{
  "incumbent_ids": [
    22
  ],
  "rejected_config_ids": [
    2,
    3,
    4,
    5,
    6,
    7,
    8,
    9,
    10,
    11,
    12,
    13,
    14,
    15,
    16,
    17,
    18,
    19,
    20,
    21,
    1,
    23,
    24,
    25,
    26,
    27,
    28,
    29,
    30,
    31,
    32,
    33
  ],
  "incumbents_changed": 2,
  "trajectory": [
    {
      "config_ids": [
        1
      ],
      "costs": [
        0.23128067672552038
      ],
      "trial": 1,
      "walltime": 0.0
    },
    {
      "config_ids": [
        22
      ],
      "costs": [
        0.22056931844840919
      ],
      "trial": 65,
      "walltime": 1.9115560054779053
    }
  ],
  "state": {
    "queue": [
      [
        34,
        2
      ]
    ]
  }
}