{
  "incumbent_ids": [
    31
  ],
  "rejected_config_ids": [
    2,
    3,
    4,
    5,
    6,
    7,
    8,
    1,
    10,
    11,
    12,
    13,
    14,
    15,
    16,
    17,
    18,
    9,
    20,
    21,
    22,
    23,
    24,
    25,
    26,
    27,
    28,
    29,
    30,
    19,
    32,
    33
  ],
  "incumbents_changed": 4,
  "trajectory": [
    {
      "config_ids": [
        1
      ],
      "costs": [
        0.6408940120477039
      ],
      "trial": 1,
      "walltime": 0.0
    },
    {
      "config_ids": [
        9
      ],
      "costs": [
        0.5783986626806412
      ],
      "trial": 26,
      "walltime": 0.279369592666626
    },
    {
      "config_ids": [
        19
      ],
      "costs": [
        0.5494077065878258
      ],
      "trial": 56,
      "walltime": 0.8244349956512451
    },
    {
      "config_ids": [
        31
      ],
      "costs": [
        0.42693727160064987
      ],
      "trial": 92,
      "walltime": 1.202733039855957
    }
  ],
  "state": {
    "queue": [
      [
        34,
        2
      ]
    ]
  }
}