{
  "incumbent_ids": [
    30
  ],
  "rejected_config_ids": [
    2,
    3,
    4,
    5,
    6,
    7,
    8,
    9,
    1,
    11,
    12,
    13,
    14,
    15,
    16,
    17,
    18,
    19,
    20,
    21,
    22,
    23,
    24,
    25,
    26,
    27,
    28,
    29,
    10,
    31,
    32,
    33
  ],
  "incumbents_changed": 3,
  "trajectory": [
    {
      "config_ids": [
        1
      ],
      "costs": [
        0.6318250590927476
      ],
      "trial": 1,
      "walltime": 0.0
    },
    {
      "config_ids": [
        10
      ],
      "costs": [
        0.5227749850409921
      ],
      "trial": 29,
      "walltime": 0.677316427230835
    },
    {
      "config_ids": [
        30
      ],
      "costs": [
        0.5040219803409631
      ],
      "trial": 89,
      "walltime": 1.6823155879974365
    }
  ],
  "state": {
    "queue": [
      [
        34,
        2
      ]
    ]
  }
}