{
  "incumbent_ids": [
    18
  ],
  "rejected_config_ids": [
    1,
    3,
    4,
    5,
    6,
    7,
    2,
    9,
    10,
    11,
    12,
    13,
    14,
    15,
    16,
    17,
    8,
    19,
    20,
    21,
    22,
    23,
    24,
    25,
    26,
    27,
    28,
    29,
    30,
    31,
    32,
    33
  ],
  "incumbents_changed": 4,
  "trajectory": [
    {
      "config_ids": [
        1
      ],
      "costs": [
        0.8387166173095503
      ],
      "trial": 1,
      "walltime": 0.0
    },
    {
      "config_ids": [
        2
      ],
      "costs": [
        0.8016973768956727
      ],
      "trial": 4,
      "walltime": 0.47300004959106445
    },
    {
      "config_ids": [
        8
      ],
      "costs": [
        0.6532954189313741
      ],
      "trial": 23,
      "walltime": 0.559999942779541
    },
    {
      "config_ids": [
        18
      ],
      "costs": [
        0.5382764848207477
      ],
      "trial": 53,
      "walltime": 1.2800002098083496
    }
  ],
  "state": {
    "queue": [
      [
        34,
        2
      ]
    ]
  }
}