{
  "incumbent_ids": [
    33
  ],
  "rejected_config_ids": [
    2,
    3,
    4,
    5,
    6,
    7,
    1,
    8,
    10,
    11,
    12,
    13,
    14,
    15,
    16,
    17,
    18,
    19,
    20,
    21,
    22,
    23,
    24,
    25,
    26,
    27,
    28,
    29,
    30,
    31,
    32,
    9
  ],
  "incumbents_changed": 4,
  "trajectory": [
    {
      "config_ids": [
        1
      ],
      "costs": [
        0.7772556612601914
      ],
      "trial": 1,
      "walltime": 0.0
    },
    {
      "config_ids": [
        8
      ],
      "costs": [
        0.7064850324271491
      ],
      "trial": 23,
      "walltime": 0.3749415874481201
    },
    {
      "config_ids": [
        9
      ],
      "costs": [
        0.5783986626806412
      ],
      "trial": 26,
      "walltime": 0.3899414539337158
    },
    {
      "config_ids": [
        33
      ],
      "costs": [
        0.42693727160064987
      ],
      "trial": 98,
      "walltime": 1.7925331592559814
    }
  ],
  "state": {
    "queue": [
      [
        34,
        2
      ]
    ]
  }
}