{
  "incumbent_ids": [
    21
  ],
  "rejected_config_ids": [
    2,
    3,
    4,
    5,
    6,
    7,
    1,
    8,
    10,
    11,
    12,
    13,
    14,
    15,
    16,
    17,
    18,
    19,
    20,
    9,
    22,
    23,
    24,
    25,
    26,
    27,
    28,
    29,
    30,
    31,
    32,
    33
  ],
  "incumbents_changed": 4,
  "trajectory": [
    {
      "config_ids": [
        1
      ],
      "costs": [
        0.7201609949488236
      ],
      "trial": 1,
      "walltime": 0.0
    },
    {
      "config_ids": [
        8
      ],
      "costs": [
        0.7064850324271491
      ],
      "trial": 23,
      "walltime": 0.6752140522003174
    },
    {
      "config_ids": [
        9
      ],
      "costs": [
        0.5783986626806412
      ],
      "trial": 26,
      "walltime": 0.6967649459838867
    },
    {
      "config_ids": [
        21
      ],
      "costs": [
        0.5494077065878258
      ],
      "trial": 62,
      "walltime": 2.113020896911621
    }
  ],
  "state": {
    "queue": [
      [
        34,
        2
      ]
    ]
  }
}