{
  "incumbent_ids": [
    19
  ],
  "rejected_config_ids": [
    2,
    3,
    4,
    5,
    6,
    7,
    8,
    1,
    10,
    11,
    12,
    13,
    14,
    15,
    16,
    17,
    18,
    9,
    20,
    21,
    22,
    23,
    24,
    25,
    26,
    27,
    28,
    29,
    30,
    31,
    32,
    33
  ],
  "incumbents_changed": 3,
  "trajectory": [
    {
      "config_ids": [
        1
      ],
      "costs": [
        0.9270692209835503
      ],
      "trial": 1,
      "walltime": 0.0
    },
    {
      "config_ids": [
        9
      ],
      "costs": [
        0.7808220980642635
      ],
      "trial": 26,
      "walltime": 0.4570047855377197
    },
    {
      "config_ids": [
        19
      ],
      "costs": [
        0.748742814641317
      ],
      "trial": 56,
      "walltime": 1.9022440910339355
    }
  ],
  "state": {
    "queue": [
      [
        34,
        2
      ]
    ]
  }
}