{
  "incumbent_ids": [
    20
  ],
  "rejected_config_ids": [
    2,
    3,
    4,
    5,
    6,
    7,
    8,
    1,
    10,
    11,
    12,
    13,
    14,
    15,
    16,
    9,
    18,
    19,
    17,
    21,
    22,
    23,
    24,
    25,
    26,
    27,
    28,
    29,
    30,
    31,
    32,
    33
  ],
  "incumbents_changed": 4,
  "trajectory": [
    {
      "config_ids": [
        1
      ],
      "costs": [
        0.8683970730098801
      ],
      "trial": 1,
      "walltime": 0.0
    },
    {
      "config_ids": [
        9
      ],
      "costs": [
        0.7808220980642635
      ],
      "trial": 26,
      "walltime": 0.6309995651245117
    },
    {
      "config_ids": [
        17
      ],
      "costs": [
        0.6498368630368841
      ],
      "trial": 50,
      "walltime": 1.3251864910125732
    },
    {
      "config_ids": [
        20
      ],
      "costs": [
        0.18205708385546737
      ],
      "trial": 59,
      "walltime": 1.9171864986419678
    }
  ],
  "state": {
    "queue": [
      [
        34,
        2
      ]
    ]
  }
}