{
  "incumbent_ids": [
    12
  ],
  "rejected_config_ids": [
    2,
    3,
    4,
    1,
    6,
    7,
    8,
    9,
    5,
    11,
    10,
    13,
    14,
    15,
    16,
    17,
    18,
    19,
    20,
    21,
    22,
    23,
    24,
    25,
    26,
    27,
    28,
    29,
    30,
    31,
    32,
    33
  ],
  "incumbents_changed": 4,
  "trajectory": [
    {
      "config_ids": [
        1
      ],
      "costs": [
        0.9451518106965632
      ],
      "trial": 1,
      "walltime": 0.0
    },
    {
      "config_ids": [
        5
      ],
      "costs": [
        0.9230968717592467
      ],
      "trial": 14,
      "walltime": 0.3853771686553955
    },
    {
      "config_ids": [
        10
      ],
      "costs": [
        0.9160916050379379
      ],
      "trial": 29,
      "walltime": 0.7045993804931641
    },
    {
      "config_ids": [
        12
      ],
      "costs": [
        0.7345276704587022
      ],
      "trial": 35,
      "walltime": 0.7297229766845703
    }
  ],
  "state": {
    "queue": [
      [
        34,
        2
      ]
    ]
  }
}