{
  "incumbent_ids": [
    23
  ],
  "rejected_config_ids": [
    2,
    3,
    4,
    5,
    6,
    7,
    8,
    9,
    10,
    11,
    12,
    13,
    14,
    15,
    16,
    17,
    18,
    19,
    20,
    21,
    22,
    1,
    24,
    25,
    26,
    27,
    28,
    29,
    30,
    31,
    32,
    33
  ],
  "incumbents_changed": 2,
  "trajectory": [
    {
      "config_ids": [
        1
      ],
      "costs": [
        0.25024323581447405
      ],
      "trial": 1,
      "walltime": 0.0
    },
    {
      "config_ids": [
        23
      ],
      "costs": [
        0.09192020758394391
      ],
      "trial": 68,
      "walltime": 0.6499996185302734
    }
  ],
  "state": {
    "queue": [
      [
        34,
        2
      ]
    ]
  }
}