{
  "incumbent_ids": [
    17
  ],
  "rejected_config_ids": [
    1,
    3,
    2,
    5,
    6,
    7,
    8,
    9,
    10,
    11,
    12,
    13,
    14,
    15,
    16,
    4,
    18,
    19,
    20,
    21,
    22,
    23,
    24,
    25,
    26,
    27,
    28,
    29,
    30,
    31,
    32,
    33
  ],
  "incumbents_changed": 4,
  "trajectory": [
    {
      "config_ids": [
        1
      ],
      "costs": [
        0.9804283107820564
      ],
      "trial": 1,
      "walltime": 0.0
    },
    {
      "config_ids": [
        2
      ],
      "costs": [
        0.9563417513635952
      ],
      "trial": 4,
      "walltime": 0.17049574851989746
    },
    {
      "config_ids": [
        4
      ],
      "costs": [
        0.8714201563338032
      ],
      "trial": 11,
      "walltime": 0.18604660034179688
    },
    {
      "config_ids": [
        17
      ],
      "costs": [
        0.7345276704587022
      ],
      "trial": 50,
      "walltime": 0.45724034309387207
    }
  ],
  "state": {
    "queue": [
      [
        34,
        2
      ]
    ]
  }
}