{
  "incumbent_ids": [
    9
  ],
  "rejected_config_ids": [
    2,
    3,
    4,
    5,
    6,
    1,
    7,
    8,
    10,
    11,
    12,
    13,
    14,
    15,
    16,
    17,
    18,
    19,
    20,
    21,
    22,
    23,
    24,
    25,
    26,
    27,
    28,
    29,
    30,
    31,
    32,
    33
  ],
  "incumbents_changed": 4,
  "trajectory": [
    {
      "config_ids": [
        1
      ],
      "costs": [
        0.999397908471082
      ],
      "trial": 1,
      "walltime": 0.0
    },
    {
      "config_ids": [
        7
      ],
      "costs": [
        0.8166853186828605
      ],
      "trial": 20,
      "walltime": 0.24954009056091309
    },
    {
      "config_ids": [
        8
      ],
      "costs": [
        0.7064850324271491
      ],
      "trial": 23,
      "walltime": 0.25850486755371094
    },
    {
      "config_ids": [
        9
      ],
      "costs": [
        0.5783986626806412
      ],
      "trial": 26,
      "walltime": 0.26967930793762207
    }
  ],
  "state": {
    "queue": [
      [
        34,
        2
      ]
    ]
  }
}