{
  "incumbent_ids": [
    33
  ],
  "rejected_config_ids": [
    2,
    3,
    1,
    5,
    6,
    7,
    8,
    4,
    10,
    11,
    12,
    13,
    14,
    15,
    16,
    17,
    18,
    19,
    20,
    21,
    22,
    23,
    24,
    25,
    26,
    27,
    28,
    29,
    30,
    31,
    32,
    9
  ],
  "incumbents_changed": 4,
  "trajectory": [
    {
      "config_ids": [
        1
      ],
      "costs": [
        0.8988182010964051
      ],
      "trial": 1,
      "walltime": 0.0
    },
    {
      "config_ids": [
        4
      ],
      "costs": [
        0.6211557586822459
      ],
      "trial": 11,
      "walltime": 0.16599774360656738
    },
    {
      "config_ids": [
        9
      ],
      "costs": [
        0.5783986626806412
      ],
      "trial": 26,
      "walltime": 0.2050008773803711
    },
    {
      "config_ids": [
        33
      ],
      "costs": [
        0.5494077065878258
      ],
      "trial": 98,
      "walltime": 0.935997724533081
    }
  ],
  "state": {
    "queue": [
      [
        34,
        2
      ]
    ]
  }
}