{
  "incumbent_ids": [
    24
  ],
  "rejected_config_ids": [
    2,
    3,
    4,
    5,
    6,
    7,
    8,
    9,
    10,
    11,
    12,
    13,
    14,
    15,
    16,
    1,
    18,
    19,
    17,
    21,
    22,
    23,
    20,
    25,
    26,
    27,
    28,
    29,
    30,
    31,
    32,
    33
  ],
  "incumbents_changed": 4,
  "trajectory": [
    {
      "config_ids": [
        1
      ],
      "costs": [
        0.9160916050379379
      ],
      "trial": 1,
      "walltime": 0.0
    },
    {
      "config_ids": [
        17
      ],
      "costs": [
        0.7345276704587022
      ],
      "trial": 50,
      "walltime": 0.4636406898498535
    },
    {
      "config_ids": [
        20
      ],
      "costs": [
        0.6918336899152541
      ],
      "trial": 59,
      "walltime": 0.6470749378204346
    },
    {
      "config_ids": [
        24
      ],
      "costs": [
        0.65177114570221
      ],
      "trial": 71,
      "walltime": 0.6903254985809326
    }
  ],
  "state": {
    "queue": [
      [
        34,
        2
      ]
    ]
  }
}