{
  "incumbent_ids": [
    4
  ],
  "rejected_config_ids": [
    1,
    2,
    3,
    5,
    6,
    7,
    8,
    9,
    10,
    11,
    12,
    13,
    14,
    15,
    16,
    17,
    18,
    19,
    20,
    21,
    22,
    23,
    24,
    25,
    26,
    27,
    28,
    29,
    30,
    31,
    32,
    33
  ],
  "incumbents_changed": 4,
  "trajectory": [
    {
      "config_ids": [
        1
      ],
      "costs": [
        0.999943237357288
      ],
      "trial": 1,
      "walltime": 0.0
    },
    {
      "config_ids": [
        2
      ],
      "costs": [
        0.9902053513908514
      ],
      "trial": 4,
      "walltime": 0.4659993648529053
    },
    {
      "config_ids": [
        3
      ],
      "costs": [
        0.9578811148889729
      ],
      "trial": 8,
      "walltime": 0.4889993667602539
    },
    {
      "config_ids": [
        4
      ],
      "costs": [
        0.6519759673780289
      ],
      "trial": 11,
      "walltime": 0.5159990787506104
    }
  ],
  "state": {
    "queue": [
      [
        34,
        2
      ]
    ]
  }
}