{
  "incumbent_ids": [
    30
  ],
  "rejected_config_ids": [
    2,
    3,
    1,
    5,
    6,
    7,
    8,
    9,
    10,
    11,
    12,
    13,
    14,
    15,
    16,
    17,
    18,
    19,
    20,
    21,
    22,
    23,
    24,
    25,
    4,
    27,
    28,
    29,
    26,
    31,
    32,
    33
  ],
  "incumbents_changed": 4,
  "trajectory": [
    {
      "config_ids": [
        1
      ],
      "costs": [
        0.9420733206589639
      ],
      "trial": 1,
      "walltime": 0.0
    },
    {
      "config_ids": [
        4
      ],
      "costs": [
        0.5641749650102471
      ],
      "trial": 11,
      "walltime": 0.16000127792358398
    },
    {
      "config_ids": [
        26
      ],
      "costs": [
        0.5494077065878641
      ],
      "trial": 77,
      "walltime": 0.9810023307800293
    },
    {
      "config_ids": [
        30
      ],
      "costs": [
        0.42693727160064987
      ],
      "trial": 89,
      "walltime": 1.042999029159546
    }
  ],
  "state": {
    "queue": [
      [
        34,
        2
      ]
    ]
  }
}