{
  "incumbent_ids": [
    12
  ],
  "rejected_config_ids": [
    2,
    3,
    1,
    5,
    6,
    7,
    8,
    9,
    4,
    11,
    10,
    13,
    14,
    15,
    16,
    17,
    18,
    19,
    20,
    21,
    22,
    23,
    24,
    25,
    26,
    27,
    28,
    29,
    30,
    31,
    32,
    33
  ],
  "incumbents_changed": 4,
  "trajectory": [
    {
      "config_ids": [
        1
      ],
      "costs": [
        0.9286106826631628
      ],
      "trial": 1,
      "walltime": 0.0
    },
    {
      "config_ids": [
        4
      ],
      "costs": [
        0.9160391828921893
      ],
      "trial": 11,
      "walltime": 0.25999879837036133
    },
    {
      "config_ids": [
        10
      ],
      "costs": [
        0.9136894727607041
      ],
      "trial": 29,
      "walltime": 0.44499826431274414
    },
    {
      "config_ids": [
        12
      ],
      "costs": [
        0.7345276704587022
      ],
      "trial": 35,
      "walltime": 0.46199727058410645
    }
  ],
  "state": {
    "queue": [
      [
        34,
        2
      ]
    ]
  }
}