{
  "incumbent_ids": [
    24
  ],
  "rejected_config_ids": [
    2,
    3,
    4,
    5,
    6,
    7,
    8,
    9,
    10,
    11,
    12,
    13,
    14,
    15,
    16,
    17,
    1,
    19,
    20,
    21,
    22,
    23,
    18,
    25,
    26,
    27,
    28,
    29,
    30,
    31,
    32,
    33
  ],
  "incumbents_changed": 3,
  "trajectory": [
    {
      "config_ids": [
        1
      ],
      "costs": [
        0.6918336899152541
      ],
      "trial": 1,
      "walltime": 0.0
    },
    {
      "config_ids": [
        18
      ],
      "costs": [
        0.28483687287880816
      ],
      "trial": 53,
      "walltime": 0.9889802932739258
    },
    {
      "config_ids": [
        24
      ],
      "costs": [
        0.2848368728788079
      ],
      "trial": 71,
      "walltime": 1.0860381126403809
    }
  ],
  "state": {
    "queue": [
      [
        34,
        2
      ]
    ]
  }
}