{
  "incumbent_ids": [
    15
  ],
  "rejected_config_ids": [
    2,
    3,
    4,
    1,
    6,
    7,
    8,
    9,
    10,
    11,
    12,
    13,
    14,
    5,
    16,
    17,
    18,
    19,
    20,
    21,
    22,
    23,
    24,
    25,
    26,
    27,
    28,
    29,
    30,
    31,
    32,
    33
  ],
  "incumbents_changed": 3,
  "trajectory": [
    {
      "config_ids": [
        1
      ],
      "costs": [
        0.94490984997567
      ],
      "trial": 1,
      "walltime": 0.0
    },
    {
      "config_ids": [
        5
      ],
      "costs": [
        0.9230968717592467
      ],
      "trial": 14,
      "walltime": 0.16499853134155273
    },
    {
      "config_ids": [
        15
      ],
      "costs": [
        0.7345276704587022
      ],
      "trial": 44,
      "walltime": 0.40200114250183105
    }
  ],
  "state": {
    "queue": [
      [
        34,
        2
      ]
    ]
  }
}