{
  "incumbent_ids": [
    23
  ],
  "rejected_config_ids": [
    2,
    3,
    4,
    5,
    6,
    7,
    8,
    9,
    10,
    11,
    1,
    13,
    14,
    15,
    16,
    17,
    18,
    19,
    20,
    21,
    22,
    12,
    24,
    25,
    26,
    27,
    28,
    29,
    30,
    31,
    32,
    33
  ],
  "incumbents_changed": 3,
  "trajectory": [
    {
      "config_ids": [
        1
      ],
      "costs": [
        0.4505922934121359
      ],
      "trial": 1,
      "walltime": 0.0
    },
    {
      "config_ids": [
        12
      ],
      "costs": [
        0.44969462033076546
      ],
      "trial": 35,
      "walltime": 1.1934230327606201
    },
    {
      "config_ids": [
        23
      ],
      "costs": [
        0.23616682064244424
      ],
      "trial": 68,
      "walltime": 2.0067429542541504
    }
  ],
  "state": {
    "queue": [
      [
        34,
        2
      ]
    ]
  }
}