{
  "incumbent_ids": [
    21
  ],
  "rejected_config_ids": [
    2,
    3,
    4,
    5,
    6,
    7,
    8,
    1,
    10,
    11,
    12,
    13,
    14,
    15,
    16,
    17,
    18,
    9,
    20,
    19,
    22,
    23,
    24,
    25,
    26,
    27,
    28,
    29,
    30,
    31,
    32,
    33
  ],
  "incumbents_changed": 4,
  "trajectory": [
    {
      "config_ids": [
        1
      ],
      "costs": [
        0.9366002585417161
      ],
      "trial": 1,
      "walltime": 0.0
    },
    {
      "config_ids": [
        9
      ],
      "costs": [
        0.7808220980642635
      ],
      "trial": 26,
      "walltime": 0.6310000419616699
    },
    {
      "config_ids": [
        19
      ],
      "costs": [
        0.27638260128078723
      ],
      "trial": 56,
      "walltime": 1.7330007553100586
    },
    {
      "config_ids": [
        21
      ],
      "costs": [
        0.18205708385546737
      ],
      "trial": 62,
      "walltime": 1.7740001678466797
    }
  ],
  "state": {
    "queue": [
      [
        34,
        2
      ]
    ]
  }
}