{
  "incumbent_ids": [
    21
  ],
  "rejected_config_ids": [
    2,
    3,
    4,
    5,
    6,
    7,
    8,
    9,
    10,
    11,
    1,
    13,
    12,
    15,
    16,
    17,
    18,
    19,
    20,
    14,
    22,
    23,
    24,
    25,
    26,
    27,
    28,
    29,
    30,
    31,
    32,
    33
  ],
  "incumbents_changed": 4,
  "trajectory": [
    {
      "config_ids": [
        1
      ],
      "costs": [
        0.546587432217158
      ],
      "trial": 1,
      "walltime": 0.0
    },
    {
      "config_ids": [
        12
      ],
      "costs": [
        0.4510261952586507
      ],
      "trial": 35,
      "walltime": 1.3101799488067627
    },
    {
      "config_ids": [
        14
      ],
      "costs": [
        0.26515777673525975
      ],
      "trial": 41,
      "walltime": 1.3616423606872559
    },
    {
      "config_ids": [
        21
      ],
      "costs": [
        0.23616682064244424
      ],
      "trial": 62,
      "walltime": 2.0867180824279785
    }
  ],
  "state": {
    "queue": [
      [
        34,
        2
      ]
    ]
  }
}