{
  "incumbent_ids": [
    13
  ],
  "rejected_config_ids": [
    1,
    3,
    2,
    5,
    6,
    7,
    8,
    9,
    10,
    11,
    12,
    4,
    14,
    15,
    16,
    17,
    18,
    19,
    20,
    21,
    22,
    23,
    24,
    25,
    26,
    27,
    28,
    29,
    30,
    31,
    32,
    33
  ],
  "incumbents_changed": 4,
  "trajectory": [
    {
      "config_ids": [
        1
      ],
      "costs": [
        0.9767995002172711
      ],
      "trial": 1,
      "walltime": 0.0
    },
    {
      "config_ids": [
        2
      ],
      "costs": [
        0.9563417513635952
      ],
      "trial": 4,
      "walltime": 0.21331477165222168
    },
    {
      "config_ids": [
        4
      ],
      "costs": [
        0.919013099590391
      ],
      "trial": 11,
      "walltime": 0.23356294631958008
    },
    {
      "config_ids": [
        13
      ],
      "costs": [
        0.7345276704587022
      ],
      "trial": 38,
      "walltime": 0.5323448181152344
    }
  ],
  "state": {
    "queue": [
      [
        34,
        2
      ]
    ]
  }
}