{
  "incumbent_ids": [
    10
  ],
  "rejected_config_ids": [
    2,
    3,
    4,
    5,
    6,
    7,
    8,
    9,
    1,
    11,
    12,
    13,
    14,
    15,
    16,
    17,
    18,
    19,
    20,
    21,
    22,
    23,
    24,
    25,
    26,
    27,
    28,
    29,
    30,
    31,
    32,
    33
  ],
  "incumbents_changed": 2,
  "trajectory": [
    {
      "config_ids": [
        1
      ],
      "costs": [
        0.7791615688693415
      ],
      "trial": 1,
      "walltime": 0.0
    },
    {
      "config_ids": [
        10
      ],
      "costs": [
        0.3951794749599136
      ],
      "trial": 29,
      "walltime": 1.001999855041504
    }
  ],
  "state": {
    "queue": [
      [
        34,
        2
      ]
    ]
  }
}