{
  "incumbent_ids": [
    23
  ],
  "rejected_config_ids": [
    2,
    3,
    4,
    5,
    1,
    7,
    8,
    9,
    10,
    11,
    12,
    13,
    14,
    15,
    16,
    17,
    18,
    19,
    20,
    21,
    22,
    6,
    24,
    25,
    26,
    27,
    28,
    29,
    30,
    31,
    32
  ],
  "incumbents_changed": 3,
  "trajectory": [
    {
      "config_ids": [
        1
      ],
      "costs": [
        0.793
      ],
      "trial": 1,
      "walltime": 0.0
    },
    {
      "config_ids": [
        6
      ],
      "costs": [
        0.5479
      ],
      "trial": 17,
      "walltime": 0.16700029373168945
    },
    {
      "config_ids": [
        23
      ],
      "costs": [
        0.0
      ],
      "trial": 68,
      "walltime": 0.6866374015808105
    }
  ],
  "state": {
    "queue": [
      [
        33,
        1
      ]
    ]
  }
}