{
  "incumbent_ids": [
    23
  ],
  "rejected_config_ids": [
    2,
    3,
    4,
    5,
    6,
    7,
    8,
    9,
    10,
    11,
    12,
    13,
    14,
    15,
    16,
    17,
    1,
    19,
    20,
    21,
    22,
    18,
    24,
    25,
    26,
    27,
    28,
    29,
    30,
    31,
    32,
    33
  ],
  "incumbents_changed": 3,
  "trajectory": [
    {
      "config_ids": [
        1
      ],
      "costs": [
        0.6256269729075161
      ],
      "trial": 1,
      "walltime": 0.0
    },
    {
      "config_ids": [
        18
      ],
      "costs": [
        0.5382764848207477
      ],
      "trial": 53,
      "walltime": 0.8440015316009521
    },
    {
      "config_ids": [
        23
      ],
      "costs": [
        0.47722501494321756
      ],
      "trial": 68,
      "walltime": 1.3980016708374023
    }
  ],
  "state": {
    "queue": [
      [
        34,
        2
      ]
    ]
  }
}