{
  "incumbent_ids": [
    26
  ],
  "rejected_config_ids": [
    2,
    3,
    1,
    5,
    6,
    7,
    8,
    9,
    10,
    11,
    12,
    13,
    14,
    15,
    16,
    17,
    18,
    19,
    20,
    21,
    22,
    23,
    24,
    25,
    4,
    27,
    28,
    29,
    30,
    31,
    32,
    33
  ],
  "incumbents_changed": 3,
  "trajectory": [
    {
      "config_ids": [
        1
      ],
      "costs": [
        0.9515563748843663
      ],
      "trial": 1,
      "walltime": 0.0
    },
    {
      "config_ids": [
        4
      ],
      "costs": [
        0.6674061782167291
      ],
      "trial": 11,
      "walltime": 0.3299994468688965
    },
    {
      "config_ids": [
        26
      ],
      "costs": [
        0.6098054570714421
      ],
      "trial": 77,
      "walltime": 1.8005518913269043
    }
  ],
  "state": {
    "queue": [
      [
        34,
        2
      ]
    ]
  }
}