{
  "incumbent_ids": [
    23
  ],
  "rejected_config_ids": [
    2,
    3,
    4,
    5,
    6,
    7,
    8,
    9,
    10,
    11,
    12,
    13,
    14,
    15,
    1,
    17,
    18,
    19,
    16,
    21,
    22,
    20,
    24,
    25,
    26,
    27,
    28,
    29,
    30,
    31,
    32,
    33
  ],
  "incumbents_changed": 4,
  "trajectory": [
    {
      "config_ids": [
        1
      ],
      "costs": [
        0.9136894727607034
      ],
      "trial": 1,
      "walltime": 0.0
    },
    {
      "config_ids": [
        16
      ],
      "costs": [
        0.7345276704587022
      ],
      "trial": 47,
      "walltime": 0.42400097846984863
    },
    {
      "config_ids": [
        20
      ],
      "costs": [
        0.7144331119813288
      ],
      "trial": 59,
      "walltime": 0.6209986209869385
    },
    {
      "config_ids": [
        23
      ],
      "costs": [
        0.6918336899152541
      ],
      "trial": 68,
      "walltime": 0.6529998779296875
    }
  ],
  "state": {
    "queue": [
      [
        34,
        2
      ]
    ]
  }
}