{
  "incumbent_ids": [
    32
  ],
  "rejected_config_ids": [
    2,
    3,
    4,
    5,
    6,
    7,
    1,
    9,
    10,
    11,
    12,
    13,
    14,
    15,
    8,
    17,
    18,
    19,
    20,
    21,
    22,
    23,
    24,
    25,
    26,
    27,
    28,
    29,
    30,
    31,
    16,
    33
  ],
  "incumbents_changed": 4,
  "trajectory": [
    {
      "config_ids": [
        1
      ],
      "costs": [
        0.7271893418529508
      ],
      "trial": 1,
      "walltime": 0.0
    },
    {
      "config_ids": [
        8
      ],
      "costs": [
        0.6532954189313741
      ],
      "trial": 23,
      "walltime": 0.3870413303375244
    },
    {
      "config_ids": [
        16
      ],
      "costs": [
        0.5382764848207477
      ],
      "trial": 47,
      "walltime": 0.8476517200469971
    },
    {
      "config_ids": [
        32
      ],
      "costs": [
        0.3556200223766646
      ],
      "trial": 95,
      "walltime": 1.8118460178375244
    }
  ],
  "state": {
    "queue": [
      [
        34,
        2
      ]
    ]
  }
}