{
  "incumbent_ids": [
    22
  ],
  "rejected_config_ids": [
    2,
    3,
    1,
    5,
    6,
    7,
    8,
    9,
    10,
    11,
    12,
    4,
    14,
    15,
    16,
    17,
    18,
    19,
    20,
    21,
    13,
    23,
    24,
    25,
    26,
    27,
    28,
    29,
    30,
    31,
    32,
    33
  ],
  "incumbents_changed": 4,
  "trajectory": [
    {
      "config_ids": [
        1
      ],
      "costs": [
        0.6598910114484466
      ],
      "trial": 1,
      "walltime": 0.0
    },
    {
      "config_ids": [
        4
      ],
      "costs": [
        0.5545598498645624
      ],
      "trial": 11,
      "walltime": 0.5422706604003906
    },
    {
      "config_ids": [
        13
      ],
      "costs": [
        0.5202958113394222
      ],
      "trial": 38,
      "walltime": 1.2316150665283203
    },
    {
      "config_ids": [
        22
      ],
      "costs": [
        0.37189385337512365
      ],
      "trial": 65,
      "walltime": 1.9662985801696777
    }
  ],
  "state": {
    "queue": [
      [
        34,
        2
      ]
    ]
  }
}