{
  "incumbent_ids": [
    24
  ],
  "rejected_config_ids": [
    2,
    3,
    4,
    5,
    6,
    7,
    8,
    9,
    10,
    11,
    12,
    13,
    14,
    15,
    16,
    1,
    18,
    19,
    20,
    17,
    22,
    23,
    21,
    25,
    26,
    27,
    28,
    29,
    30,
    31,
    32,
    33
  ],
  "incumbents_changed": 4,
  "trajectory": [
    {
      "config_ids": [
        1
      ],
      "costs": [
        0.9190130995903922
      ],
      "trial": 1,
      "walltime": 0.0
    },
    {
      "config_ids": [
        17
      ],
      "costs": [
        0.7345276704587022
      ],
      "trial": 50,
      "walltime": 0.6082518100738525
    },
    {
      "config_ids": [
        21
      ],
      "costs": [
        0.7197427089004824
      ],
      "trial": 62,
      "walltime": 0.8886222839355469
    },
    {
      "config_ids": [
        24
      ],
      "costs": [
        0.7035782600442827
      ],
      "trial": 71,
      "walltime": 0.9322426319122314
    }
  ],
  "state": {
    "queue": [
      [
        34,
        2
      ]
    ]
  }
}