{
  "incumbent_ids": [
    29
  ],
  "rejected_config_ids": [
    2,
    3,
    4,
    5,
    6,
    7,
    8,
    9,
    1,
    11,
    12,
    13,
    14,
    15,
    16,
    17,
    18,
    19,
    20,
    21,
    22,
    23,
    24,
    25,
    26,
    27,
    28,
    10,
    30,
    31,
    32,
    33
  ],
  "incumbents_changed": 3,
  "trajectory": [
    {
      "config_ids": [
        1
      ],
      "costs": [
        0.5707439446830688
      ],
      "trial": 1,
      "walltime": 0.0
    },
    {
      "config_ids": [
        10
      ],
      "costs": [
        0.5364799061579285
      ],
      "trial": 29,
      "walltime": 1.2009997367858887
    },
    {
      "config_ids": [
        29
      ],
      "costs": [
        0.43301707733460537
      ],
      "trial": 86,
      "walltime": 2.6732096672058105
    }
  ],
  "state": {
    "queue": [
      [
        34,
        2
      ]
    ]
  }
}