{
  "incumbent_ids": [
    27
  ],
  "rejected_config_ids": [
    2,
    3,
    4,
    5,
    6,
    7,
    8,
    9,
    10,
    11,
    12,
    13,
    14,
    15,
    16,
    1,
    18,
    19,
    20,
    21,
    22,
    23,
    24,
    25,
    26,
    17,
    28,
    29,
    30,
    31,
    32,
    33
  ],
  "incumbents_changed": 3,
  "trajectory": [
    {
      "config_ids": [
        1
      ],
      "costs": [
        0.857394714145921
      ],
      "trial": 1,
      "walltime": 0.0
    },
    {
      "config_ids": [
        17
      ],
      "costs": [
        0.7345276704587022
      ],
      "trial": 50,
      "walltime": 0.8334767818450928
    },
    {
      "config_ids": [
        27
      ],
      "costs": [
        0.7091321963510483
      ],
      "trial": 80,
      "walltime": 1.7051959037780762
    }
  ],
  "state": {
    "queue": [
      [
        34,
        2
      ]
    ]
  }
}