{
  "incumbent_ids": [
    22
  ],
  "rejected_config_ids": [
    2,
    3,
    4,
    1,
    6,
    7,
    8,
    9,
    10,
    11,
    12,
    13,
    14,
    15,
    16,
    5,
    18,
    19,
    20,
    21,
    17,
    23,
    24,
    25,
    26,
    27,
    28,
    29,
    30,
    31,
    32,
    33
  ],
  "incumbents_changed": 4,
  "trajectory": [
    {
      "config_ids": [
        1
      ],
      "costs": [
        0.929805046119715
      ],
      "trial": 1,
      "walltime": 0.0
    },
    {
      "config_ids": [
        5
      ],
      "costs": [
        0.9230968717592467
      ],
      "trial": 14,
      "walltime": 0.2549927234649658
    },
    {
      "config_ids": [
        17
      ],
      "costs": [
        0.7345276704587022
      ],
      "trial": 50,
      "walltime": 0.5113351345062256
    },
    {
      "config_ids": [
        22
      ],
      "costs": [
        0.7035782600442827
      ],
      "trial": 65,
      "walltime": 0.7301604747772217
    }
  ],
  "state": {
    "queue": [
      [
        34,
        2
      ]
    ]
  }
}