{
  "incumbent_ids": [
    9
  ],
  "rejected_config_ids": [
    2,
    3,
    1,
    5,
    6,
    7,
    4,
    8,
    10,
    11,
    12,
    13,
    14,
    15,
    16,
    17,
    18,
    19,
    20,
    21,
    22,
    23,
    24,
    25,
    26,
    27,
    28,
    29,
    30,
    31,
    32,
    33
  ],
  "incumbents_changed": 4,
  "trajectory": [
    {
      "config_ids": [
        1
      ],
      "costs": [
        0.9082767165616953
      ],
      "trial": 1,
      "walltime": 0.0
    },
    {
      "config_ids": [
        4
      ],
      "costs": [
        0.7201609949488236
      ],
      "trial": 11,
      "walltime": 0.6442904472351074
    },
    {
      "config_ids": [
        8
      ],
      "costs": [
        0.7064850324271491
      ],
      "trial": 23,
      "walltime": 0.7279834747314453
    },
    {
      "config_ids": [
        9
      ],
      "costs": [
        0.5783986626806412
      ],
      "trial": 26,
      "walltime": 0.7505486011505127
    }
  ],
  "state": {
    "queue": [
      [
        34,
        2
      ]
    ]
  }
}