{
  "incumbent_ids": [
    19
  ],
  "rejected_config_ids": [
    2,
    3,
    4,
    5,
    6,
    7,
    8,
    9,
    10,
    11,
    12,
    13,
    14,
    15,
    16,
    17,
    18,
    1,
    20,
    21,
    22,
    23,
    24,
    25,
    26,
    27,
    28,
    29,
    30
  ],
  "incumbents_changed": 2,
  "trajectory": [
    {
      "config_ids": [
        1
      ],
      "costs": [
        100.0
      ],
      "trial": 1,
      "walltime": 0.0
    },
    {
      "config_ids": [
        19
      ],
      "costs": [
        63.87132701193947
      ],
      "trial": 19,
      "walltime": 0.6356639862060547
    }
  ],
  "state": {
    "queue": [
      [
        30,
        1
      ]
    ]
  }
}