{
  "incumbent_ids": [
    11
  ],
  "rejected_config_ids": [
    2,
    1,
    4,
    5,
    6,
    7,
    8,
    3,
    10,
    9,
    12,
    13,
    14,
    15,
    16,
    17,
    18,
    19,
    20,
    21,
    22,
    23,
    24,
    25,
    26,
    27,
    28,
    29,
    30,
    31,
    32,
    33
  ],
  "incumbents_changed": 4,
  "trajectory": [
    {
      "config_ids": [
        1
      ],
      "costs": [
        0.9873699928920346
      ],
      "trial": 1,
      "walltime": 0.0
    },
    {
      "config_ids": [
        3
      ],
      "costs": [
        0.9578811148889729
      ],
      "trial": 8,
      "walltime": 0.5439138412475586
    },
    {
      "config_ids": [
        9
      ],
      "costs": [
        0.7808220980642635
      ],
      "trial": 26,
      "walltime": 0.6425178050994873
    },
    {
      "config_ids": [
        11
      ],
      "costs": [
        0.767819924963892
      ],
      "trial": 32,
      "walltime": 1.078122854232788
    }
  ],
  "state": {
    "queue": [
      [
        34,
        2
      ]
    ]
  }
}