{
  "incumbent_ids": [
    4
  ],
  "rejected_config_ids": [
    1,
    3,
    2,
    5,
    6,
    7,
    8,
    9,
    10,
    11,
    12,
    13,
    14,
    15,
    16,
    17,
    18,
    19,
    20,
    21,
    22,
    23,
    24,
    25,
    26,
    27,
    28,
    29,
    30,
    31,
    32,
    33
  ],
  "incumbents_changed": 3,
  "trajectory": [
    {
      "config_ids": [
        1
      ],
      "costs": [
        0.9999823182366684
      ],
      "trial": 1,
      "walltime": 0.0
    },
    {
      "config_ids": [
        2
      ],
      "costs": [
        0.8016973768956727
      ],
      "trial": 4,
      "walltime": 0.3471958637237549
    },
    {
      "config_ids": [
        4
      ],
      "costs": [
        0.30968333335073955
      ],
      "trial": 11,
      "walltime": 0.38373637199401855
    }
  ],
  "state": {
    "queue": [
      [
        34,
        2
      ]
    ]
  }
}