{
  "incumbent_ids": [
    19
  ],
  "rejected_config_ids": [
    2,
    3,
    4,
    5,
    6,
    7,
    8,
    9,
    10,
    1,
    12,
    13,
    14,
    11,
    16,
    17,
    18,
    15,
    20,
    21,
    22,
    23,
    24,
    25,
    26,
    27,
    28,
    29,
    30,
    31,
    32,
    33
  ],
  "incumbents_changed": 4,
  "trajectory": [
    {
      "config_ids": [
        1
      ],
      "costs": [
        0.9120195682512773
      ],
      "trial": 1,
      "walltime": 0.0
    },
    {
      "config_ids": [
        11
      ],
      "costs": [
        0.9110763383816128
      ],
      "trial": 32,
      "walltime": 0.5947756767272949
    },
    {
      "config_ids": [
        15
      ],
      "costs": [
        0.7345276704587022
      ],
      "trial": 44,
      "walltime": 0.6409854888916016
    },
    {
      "config_ids": [
        19
      ],
      "costs": [
        0.7035782600442827
      ],
      "trial": 56,
      "walltime": 1.0929064750671387
    }
  ],
  "state": {
    "queue": [
      [
        34,
        2
      ]
    ]
  }
}