{
  "incumbent_ids": [
    18
  ],
  "rejected_config_ids": [
    2,
    3,
    1,
    5,
    6,
    7,
    8,
    9,
    10,
    11,
    12,
    13,
    14,
    4,
    16,
    17,
    15,
    19,
    20,
    21,
    22,
    23,
    24,
    25,
    26,
    27,
    28,
    29,
    30,
    31,
    32,
    33
  ],
  "incumbents_changed": 4,
  "trajectory": [
    {
      "config_ids": [
        1
      ],
      "costs": [
        0.9473816891769804
      ],
      "trial": 1,
      "walltime": 0.0
    },
    {
      "config_ids": [
        4
      ],
      "costs": [
        0.9136894727607041
      ],
      "trial": 11,
      "walltime": 0.32054710388183594
    },
    {
      "config_ids": [
        15
      ],
      "costs": [
        0.7345276704587022
      ],
      "trial": 44,
      "walltime": 0.8126122951507568
    },
    {
      "config_ids": [
        18
      ],
      "costs": [
        0.7035782600442827
      ],
      "trial": 53,
      "walltime": 1.2117950916290283
    }
  ],
  "state": {
    "queue": [
      [
        34,
        2
      ]
    ]
  }
}