{
  "incumbent_ids": [
    20
  ],
  "rejected_config_ids": [
    2,
    3,
    4,
    5,
    6,
    7,
    8,
    1,
    10,
    11,
    12,
    13,
    14,
    15,
    16,
    17,
    18,
    9,
    19,
    21,
    22,
    23,
    24,
    25,
    26,
    27,
    28,
    29,
    30,
    31,
    32,
    33
  ],
  "incumbents_changed": 4,
  "trajectory": [
    {
      "config_ids": [
        1
      ],
      "costs": [
        0.8554348401765253
      ],
      "trial": 1,
      "walltime": 0.0
    },
    {
      "config_ids": [
        9
      ],
      "costs": [
        0.7808220980642635
      ],
      "trial": 26,
      "walltime": 0.5586414337158203
    },
    {
      "config_ids": [
        19
      ],
      "costs": [
        0.4606587265110591
      ],
      "trial": 56,
      "walltime": 1.7333743572235107
    },
    {
      "config_ids": [
        20
      ],
      "costs": [
        0.27638260128078723
      ],
      "trial": 59,
      "walltime": 1.7602508068084717
    }
  ],
  "state": {
    "queue": [
      [
        34,
        2
      ]
    ]
  }
}