{
  "incumbent_ids": [
    20
  ],
  "rejected_config_ids": [
    2,
    3,
    4,
    5,
    6,
    7,
    1,
    9,
    10,
    11,
    12,
    13,
    14,
    8,
    16,
    17,
    18,
    19,
    15,
    21,
    22,
    23,
    24,
    25,
    26,
    27,
    28,
    29,
    30,
    31,
    32,
    33
  ],
  "incumbents_changed": 4,
  "trajectory": [
    {
      "config_ids": [
        1
      ],
      "costs": [
        0.6840467913590044
      ],
      "trial": 1,
      "walltime": 0.0
    },
    {
      "config_ids": [
        8
      ],
      "costs": [
        0.6532954189313741
      ],
      "trial": 23,
      "walltime": 0.524864912033081
    },
    {
      "config_ids": [
        15
      ],
      "costs": [
        0.5382764848207477
      ],
      "trial": 44,
      "walltime": 0.8988749980926514
    },
    {
      "config_ids": [
        20
      ],
      "costs": [
        0.24650772827243442
      ],
      "trial": 59,
      "walltime": 1.2626564502716064
    }
  ],
  "state": {
    "queue": [
      [
        34,
        2
      ]
    ]
  }
}