{
  "incumbent_ids": [
    20
  ],
  "rejected_config_ids": [
    2,
    3,
    4,
    5,
    6,
    1,
    7,
    9,
    10,
    11,
    12,
    13,
    14,
    15,
    16,
    17,
    18,
    19,
    8,
    21,
    22,
    23,
    24,
    25,
    26,
    27,
    28,
    29,
    30,
    31,
    32
  ],
  "incumbents_changed": 4,
  "trajectory": [
    {
      "config_ids": [
        1
      ],
      "costs": [
        0.9845
      ],
      "trial": 1,
      "walltime": 0.0
    },
    {
      "config_ids": [
        7
      ],
      "costs": [
        0.9789
      ],
      "trial": 20,
      "walltime": 0.17586994171142578
    },
    {
      "config_ids": [
        8
      ],
      "costs": [
        0.5812999999999999
      ],
      "trial": 23,
      "walltime": 0.1838693618774414
    },
    {
      "config_ids": [
        20
      ],
      "costs": [
        0.5745
      ],
      "trial": 59,
      "walltime": 0.5741481781005859
    }
  ],
  "state": {
    "queue": [
      [
        33,
        1
      ]
    ]
  }
}