{
  "incumbent_ids": [
    33
  ],
  "rejected_config_ids": [
    2,
    3,
    4,
    5,
    6,
    7,
    8,
    9,
    10,
    11,
    12,
    13,
    14,
    15,
    16,
    1,
    18,
    19,
    20,
    21,
    22,
    23,
    24,
    25,
    26,
    27,
    28,
    29,
    17,
    31,
    32,
    30
  ],
  "incumbents_changed": 4,
  "trajectory": [
    {
      "config_ids": [
        1
      ],
      "costs": [
        0.9197119141536256
      ],
      "trial": 1,
      "walltime": 0.0
    },
    {
      "config_ids": [
        17
      ],
      "costs": [
        0.7345276704587022
      ],
      "trial": 50,
      "walltime": 0.8373677730560303
    },
    {
      "config_ids": [
        30
      ],
      "costs": [
        0.7091321963510483
      ],
      "trial": 89,
      "walltime": 1.9385271072387695
    },
    {
      "config_ids": [
        33
      ],
      "costs": [
        0.7035782600442827
      ],
      "trial": 98,
      "walltime": 2.017561674118042
    }
  ],
  "state": {
    "queue": [
      [
        34,
        2
      ]
    ]
  }
}