{
  "incumbent_ids": [
    28
  ],
  "rejected_config_ids": [
    2,
    3,
    4,
    5,
    1,
    7,
    8,
    9,
    10,
    11,
    12,
    13,
    14,
    15,
    16,
    17,
    18,
    19,
    20,
    21,
    22,
    6,
    24,
    25,
    26,
    27,
    23,
    29,
    30,
    31,
    32
  ],
  "incumbents_changed": 4,
  "trajectory": [
    {
      "config_ids": [
        1
      ],
      "costs": [
        0.9666
      ],
      "trial": 1,
      "walltime": 0.0
    },
    {
      "config_ids": [
        6
      ],
      "costs": [
        0.5479
      ],
      "trial": 17,
      "walltime": 0.165999174118042
    },
    {
      "config_ids": [
        23
      ],
      "costs": [
        0.46950000000000003
      ],
      "trial": 68,
      "walltime": 0.6820003986358643
    },
    {
      "config_ids": [
        28
      ],
      "costs": [
        0.0
      ],
      "trial": 83,
      "walltime": 0.8739988803863525
    }
  ],
  "state": {
    "queue": [
      [
        33,
        1
      ]
    ]
  }
}