{
  "incumbent_ids": [
    26
  ],
  "rejected_config_ids": [
    2,
    3,
    4,
    5,
    6,
    7,
    1,
    8,
    10,
    11,
    12,
    13,
    14,
    15,
    16,
    17,
    18,
    19,
    20,
    21,
    22,
    23,
    24,
    25,
    9,
    27,
    28,
    29,
    30,
    31,
    32,
    33
  ],
  "incumbents_changed": 4,
  "trajectory": [
    {
      "config_ids": [
        1
      ],
      "costs": [
        0.8166853186828605
      ],
      "trial": 1,
      "walltime": 0.0
    },
    {
      "config_ids": [
        8
      ],
      "costs": [
        0.7064850324271491
      ],
      "trial": 23,
      "walltime": 0.20499897003173828
    },
    {
      "config_ids": [
        9
      ],
      "costs": [
        0.5783986626806412
      ],
      "trial": 26,
      "walltime": 0.21300005912780762
    },
    {
      "config_ids": [
        26
      ],
      "costs": [
        0.5494077065878258
      ],
      "trial": 77,
      "walltime": 0.85500168800354
    }
  ],
  "state": {
    "queue": [
      [
        34,
        2
      ]
    ]
  }
}