{
  "incumbent_ids": [
    14
  ],
  "rejected_config_ids": [
    1,
    3,
    4,
    5,
    6,
    7,
    2,
    9,
    10,
    11,
    12,
    13,
    8,
    15,
    16,
    17,
    18,
    19,
    20,
    21,
    22,
    23,
    24,
    25,
    26,
    27,
    28,
    29,
    30,
    31,
    32,
    33
  ],
  "incumbents_changed": 4,
  "trajectory": [
    {
      "config_ids": [
        1
      ],
      "costs": [
        0.9106807906472878
      ],
      "trial": 1,
      "walltime": 0.0
    },
    {
      "config_ids": [
        2
      ],
      "costs": [
        0.8016973768956727
      ],
      "trial": 4,
      "walltime": 0.35700011253356934
    },
    {
      "config_ids": [
        8
      ],
      "costs": [
        0.6532954189313741
      ],
      "trial": 23,
      "walltime": 0.43200063705444336
    },
    {
      "config_ids": [
        14
      ],
      "costs": [
        0.5382764848207477
      ],
      "trial": 41,
      "walltime": 0.8440382480621338
    }
  ],
  "state": {
    "queue": [
      [
        34,
        2
      ]
    ]
  }
}