{
  "incumbent_ids": [
    21
  ],
  "rejected_config_ids": [
    2,
    3,
    4,
    5,
    6,
    7,
    1,
    9,
    10,
    11,
    12,
    13,
    14,
    15,
    16,
    8,
    18,
    19,
    20,
    17,
    22,
    23,
    24,
    25,
    26,
    27,
    28,
    29,
    30,
    31,
    32,
    33
  ],
  "incumbents_changed": 4,
  "trajectory": [
    {
      "config_ids": [
        1
      ],
      "costs": [
        0.7271893768602335
      ],
      "trial": 1,
      "walltime": 0.0
    },
    {
      "config_ids": [
        8
      ],
      "costs": [
        0.6532954189313741
      ],
      "trial": 23,
      "walltime": 0.3809995651245117
    },
    {
      "config_ids": [
        17
      ],
      "costs": [
        0.5382764848207477
      ],
      "trial": 50,
      "walltime": 0.8049111366271973
    },
    {
      "config_ids": [
        21
      ],
      "costs": [
        0.49369298953906116
      ],
      "trial": 62,
      "walltime": 1.186910629272461
    }
  ],
  "state": {
    "queue": [
      [
        34,
        2
      ]
    ]
  }
}