{
  "incumbent_ids": [
    27
  ],
  "rejected_config_ids": [
    2,
    3,
    1,
    5,
    6,
    7,
    8,
    4,
    10,
    11,
    12,
    13,
    14,
    15,
    16,
    17,
    18,
    19,
    20,
    21,
    22,
    23,
    24,
    25,
    26,
    9,
    28,
    29,
    30,
    31,
    32,
    33
  ],
  "incumbents_changed": 4,
  "trajectory": [
    {
      "config_ids": [
        1
      ],
      "costs": [
        0.756490039857061
      ],
      "trial": 1,
      "walltime": 0.0
    },
    {
      "config_ids": [
        4
      ],
      "costs": [
        0.7064849986690916
      ],
      "trial": 11,
      "walltime": 0.31599855422973633
    },
    {
      "config_ids": [
        9
      ],
      "costs": [
        0.5783986626806412
      ],
      "trial": 26,
      "walltime": 0.3789989948272705
    },
    {
      "config_ids": [
        27
      ],
      "costs": [
        0.5494077065878258
      ],
      "trial": 80,
      "walltime": 1.8085906505584717
    }
  ],
  "state": {
    "queue": [
      [
        34,
        2
      ]
    ]
  }
}