{
  "incumbent_ids": [
    17
  ],
  "rejected_config_ids": [
    2,
    3,
    4,
    5,
    6,
    7,
    8,
    9,
    1,
    11,
    12,
    10,
    14,
    15,
    16,
    13,
    18,
    19,
    20,
    21,
    22,
    23,
    24,
    25,
    26,
    27,
    28,
    29,
    30,
    31,
    32,
    33
  ],
  "incumbents_changed": 4,
  "trajectory": [
    {
      "config_ids": [
        1
      ],
      "costs": [
        0.546551013104602
      ],
      "trial": 1,
      "walltime": 0.0
    },
    {
      "config_ids": [
        10
      ],
      "costs": [
        0.3932441464817292
      ],
      "trial": 29,
      "walltime": 0.41399693489074707
    },
    {
      "config_ids": [
        13
      ],
      "costs": [
        0.31834093782390155
      ],
      "trial": 38,
      "walltime": 0.44099950790405273
    },
    {
      "config_ids": [
        17
      ],
      "costs": [
        0.16774319089940407
      ],
      "trial": 50,
      "walltime": 0.4779973030090332
    }
  ],
  "state": {
    "queue": [
      [
        34,
        2
      ]
    ]
  }
}