{
  "incumbent_ids": [
    19
  ],
  "rejected_config_ids": [
    2,
    3,
    4,
    5,
    6,
    7,
    8,
    9,
    10,
    1,
    12,
    13,
    14,
    15,
    16,
    17,
    18,
    11,
    20,
    21,
    22,
    23,
    24,
    25,
    26,
    27,
    28,
    29,
    30,
    31,
    32,
    33
  ],
  "incumbents_changed": 3,
  "trajectory": [
    {
      "config_ids": [
        1
      ],
      "costs": [
        0.9107274023457691
      ],
      "trial": 1,
      "walltime": 0.0
    },
    {
      "config_ids": [
        11
      ],
      "costs": [
        0.5917619286356848
      ],
      "trial": 32,
      "walltime": 0.35199928283691406
    },
    {
      "config_ids": [
        19
      ],
      "costs": [
        0.12371504347770494
      ],
      "trial": 56,
      "walltime": 0.5630002021789551
    }
  ],
  "state": {
    "queue": [
      [
        34,
        2
      ]
    ]
  }
}