{
  "incumbent_ids": [
    17
  ],
  "rejected_config_ids": [
    2,
    3,
    4,
    5,
    6,
    7,
    8,
    9,
    10,
    1,
    12,
    11,
    14,
    15,
    16,
    13,
    18,
    19,
    20,
    21,
    22,
    23,
    24,
    25,
    26,
    27,
    28,
    29,
    30,
    31,
    32,
    33
  ],
  "incumbents_changed": 4,
  "trajectory": [
    {
      "config_ids": [
        1
      ],
      "costs": [
        0.9047581512144395
      ],
      "trial": 1,
      "walltime": 0.0
    },
    {
      "config_ids": [
        11
      ],
      "costs": [
        0.8697262852419381
      ],
      "trial": 32,
      "walltime": 0.7625267505645752
    },
    {
      "config_ids": [
        13
      ],
      "costs": [
        0.7482452570323895
      ],
      "trial": 38,
      "walltime": 0.7934854030609131
    },
    {
      "config_ids": [
        17
      ],
      "costs": [
        0.7345276704587022
      ],
      "trial": 50,
      "walltime": 0.8517961502075195
    }
  ],
  "state": {
    "queue": [
      [
        34,
        2
      ]
    ]
  }
}