{
  "incumbent_ids": [
    8
  ],
  "rejected_config_ids": [
    2,
    1,
    3,
    5,
    6,
    7,
    4,
    9,
    10,
    11,
    12,
    13,
    14,
    15,
    16,
    17,
    18,
    19,
    20,
    21,
    22,
    23,
    24,
    25,
    26,
    27,
    28,
    29,
    30,
    31,
    32
  ],
  "incumbents_changed": 4,
  "trajectory": [
    {
      "config_ids": [
        1
      ],
      "costs": [
        0.9913
      ],
      "trial": 1,
      "walltime": 0.0
    },
    {
      "config_ids": [
        3
      ],
      "costs": [
        0.9893
      ],
      "trial": 8,
      "walltime": 0.45410799980163574
    },
    {
      "config_ids": [
        4
      ],
      "costs": [
        0.5903
      ],
      "trial": 11,
      "walltime": 0.4741077423095703
    },
    {
      "config_ids": [
        8
      ],
      "costs": [
        0.0
      ],
      "trial": 23,
      "walltime": 0.5351078510284424
    }
  ],
  "state": {
    "queue": [
      [
        33,
        1
      ]
    ]
  }
}