{
  "incumbent_ids": [
    25
  ],
  "rejected_config_ids": [
    2,
    3,
    4,
    5,
    1,
    7,
    8,
    9,
    10,
    11,
    12,
    13,
    14,
    15,
    16,
    17,
    18,
    19,
    20,
    21,
    22,
    23,
    24,
    6,
    26,
    27,
    28,
    29,
    30,
    31,
    32
  ],
  "incumbents_changed": 3,
  "trajectory": [
    {
      "config_ids": [
        1
      ],
      "costs": [
        0.9241
      ],
      "trial": 1,
      "walltime": 0.0
    },
    {
      "config_ids": [
        6
      ],
      "costs": [
        0.5479
      ],
      "trial": 17,
      "walltime": 0.26400136947631836
    },
    {
      "config_ids": [
        25
      ],
      "costs": [
        0.0
      ],
      "trial": 74,
      "walltime": 0.8699984550476074
    }
  ],
  "state": {
    "queue": [
      [
        33,
        1
      ]
    ]
  }
}