{
  "incumbent_ids": [
    18
  ],
  "rejected_config_ids": [
    2,
    3,
    4,
    5,
    6,
    7,
    1,
    9,
    10,
    11,
    12,
    13,
    8,
    15,
    16,
    17,
    14,
    19,
    20,
    21,
    22,
    23,
    24,
    25,
    26,
    27,
    28,
    29,
    30,
    31,
    32,
    33
  ],
  "incumbents_changed": 4,
  "trajectory": [
    {
      "config_ids": [
        1
      ],
      "costs": [
        0.7271717301041845
      ],
      "trial": 1,
      "walltime": 0.0
    },
    {
      "config_ids": [
        8
      ],
      "costs": [
        0.6532954189313741
      ],
      "trial": 23,
      "walltime": 0.554999589920044
    },
    {
      "config_ids": [
        14
      ],
      "costs": [
        0.5382764848207477
      ],
      "trial": 41,
      "walltime": 1.182999849319458
    },
    {
      "config_ids": [
        18
      ],
      "costs": [
        0.5316904261431508
      ],
      "trial": 53,
      "walltime": 1.6779999732971191
    }
  ],
  "state": {
    "queue": [
      [
        34,
        2
      ]
    ]
  }
}