{
  "incumbent_ids": [
    22
  ],
  "rejected_config_ids": [
    2,
    3,
    1,
    5,
    6,
    7,
    8,
    9,
    10,
    11,
    12,
    13,
    14,
    15,
    16,
    17,
    18,
    19,
    20,
    21,
    4,
    23,
    24,
    25,
    26,
    27,
    28,
    29,
    30,
    31,
    32,
    33
  ],
  "incumbents_changed": 3,
  "trajectory": [
    {
      "config_ids": [
        1
      ],
      "costs": [
        0.5641743964889157
      ],
      "trial": 1,
      "walltime": 0.0
    },
    {
      "config_ids": [
        4
      ],
      "costs": [
        0.5494348722266857
      ],
      "trial": 11,
      "walltime": 0.1659989356994629
    },
    {
      "config_ids": [
        22
      ],
      "costs": [
        0.5346676138043027
      ],
      "trial": 65,
      "walltime": 0.7699973583221436
    }
  ],
  "state": {
    "queue": [
      [
        34,
        2
      ]
    ]
  }
}