{
  "incumbent_ids": [
    24
  ],
  "rejected_config_ids": [
    2,
    3,
    4,
    5,
    6,
    7,
    8,
    9,
    10,
    11,
    12,
    13,
    14,
    15,
    16,
    17,
    18,
    19,
    20,
    21,
    22,
    23,
    1,
    25,
    26,
    27,
    28,
    29,
    30,
    31,
    32,
    33
  ],
  "incumbents_changed": 2,
  "trajectory": [
    {
      "config_ids": [
        1
      ],
      "costs": [
        0.5089527239590665
      ],
      "trial": 1,
      "walltime": 0.0
    },
    {
      "config_ids": [
        24
      ],
      "costs": [
        0.3414306262704385
      ],
      "trial": 71,
      "walltime": 1.0717806816101074
    }
  ],
  "state": {
    "queue": [
      [
        34,
        2
      ]
    ]
  }
}