{
  "incumbent_ids": [
    21
  ],
  "rejected_config_ids": [
    2,
    3,
    4,
    5,
    6,
    7,
    8,
    9,
    10,
    11,
    12,
    13,
    14,
    15,
    16,
    1,
    18,
    17,
    20,
    19,
    22,
    23,
    24,
    25,
    26,
    27,
    28,
    29,
    30,
    31,
    32,
    33
  ],
  "incumbents_changed": 4,
  "trajectory": [
    {
      "config_ids": [
        1
      ],
      "costs": [
        0.8138709334387386
      ],
      "trial": 1,
      "walltime": 0.0
    },
    {
      "config_ids": [
        17
      ],
      "costs": [
        0.7345276704587022
      ],
      "trial": 50,
      "walltime": 0.5987048149108887
    },
    {
      "config_ids": [
        19
      ],
      "costs": [
        0.7091321963510483
      ],
      "trial": 56,
      "walltime": 1.0112378597259521
    },
    {
      "config_ids": [
        21
      ],
      "costs": [
        0.7035782600442827
      ],
      "trial": 62,
      "walltime": 1.0397515296936035
    }
  ],
  "state": {
    "queue": [
      [
        34,
        2
      ]
    ]
  }
}