{
  "incumbent_ids": [
    20
  ],
  "rejected_config_ids": [
    2,
    3,
    4,
    5,
    6,
    7,
    8,
    9,
    10,
    11,
    12,
    13,
    1,
    15,
    16,
    17,
    18,
    14,
    19,
    21,
    22,
    23,
    24,
    25,
    26,
    27,
    28,
    29,
    30,
    31,
    32,
    33
  ],
  "incumbents_changed": 4,
  "trajectory": [
    {
      "config_ids": [
        1
      ],
      "costs": [
        0.4505922934121359
      ],
      "trial": 1,
      "walltime": 0.0
    },
    {
      "config_ids": [
        14
      ],
      "costs": [
        0.26674842716598157
      ],
      "trial": 41,
      "walltime": 0.3840007781982422
    },
    {
      "config_ids": [
        19
      ],
      "costs": [
        0.18748144453786797
      ],
      "trial": 56,
      "walltime": 0.5759994983673096
    },
    {
      "config_ids": [
        20
      ],
      "costs": [
        0.09599513880502213
      ],
      "trial": 59,
      "walltime": 0.5869982242584229
    }
  ],
  "state": {
    "queue": [
      [
        34,
        2
      ]
    ]
  }
}