{
  "incumbent_ids": [
    19
  ],
  "rejected_config_ids": [
    2,
    3,
    4,
    5,
    6,
    7,
    8,
    9,
    10,
    1,
    12,
    11,
    14,
    15,
    16,
    17,
    18,
    13,
    20,
    21,
    22,
    23,
    24,
    25,
    26,
    27,
    28,
    29,
    30,
    31,
    32,
    33
  ],
  "incumbents_changed": 4,
  "trajectory": [
    {
      "config_ids": [
        1
      ],
      "costs": [
        0.9137828298747448
      ],
      "trial": 1,
      "walltime": 0.0
    },
    {
      "config_ids": [
        11
      ],
      "costs": [
        0.9121489538894466
      ],
      "trial": 32,
      "walltime": 0.7806131839752197
    },
    {
      "config_ids": [
        13
      ],
      "costs": [
        0.7345276704587022
      ],
      "trial": 38,
      "walltime": 0.8166186809539795
    },
    {
      "config_ids": [
        19
      ],
      "costs": [
        0.7035782600442827
      ],
      "trial": 56,
      "walltime": 1.3124794960021973
    }
  ],
  "state": {
    "queue": [
      [
        34,
        2
      ]
    ]
  }
}