{
  "incumbent_ids": [
    26
  ],
  "rejected_config_ids": [
    2,
    3,
    4,
    5,
    6,
    7,
    8,
    1,
    10,
    11,
    12,
    13,
    14,
    15,
    16,
    17,
    18,
    19,
    9,
    21,
    22,
    23,
    24,
    25,
    20,
    27,
    28,
    29,
    30,
    31,
    32,
    33
  ],
  "incumbents_changed": 4,
  "trajectory": [
    {
      "config_ids": [
        1
      ],
      "costs": [
        0.9090695697914187
      ],
      "trial": 1,
      "walltime": 0.0
    },
    {
      "config_ids": [
        9
      ],
      "costs": [
        0.7808220980642635
      ],
      "trial": 26,
      "walltime": 0.6211247444152832
    },
    {
      "config_ids": [
        20
      ],
      "costs": [
        0.4975614597606855
      ],
      "trial": 59,
      "walltime": 1.8293414115905762
    },
    {
      "config_ids": [
        26
      ],
      "costs": [
        0.4606587265110591
      ],
      "trial": 77,
      "walltime": 2.292297124862671
    }
  ],
  "state": {
    "queue": [
      [
        34,
        2
      ]
    ]
  }
}