{
  "incumbent_ids": [
    11
  ],
  "rejected_config_ids": [
    2,
    3,
    4,
    5,
    6,
    7,
    8,
    9,
    10,
    1,
    12,
    13,
    14,
    15,
    16,
    17,
    18,
    19,
    20,
    21,
    22,
    23,
    24,
    25,
    26,
    27,
    28,
    29,
    30,
    31,
    32,
    33
  ],
  "incumbents_changed": 2,
  "trajectory": [
    {
      "config_ids": [
        1
      ],
      "costs": [
        0.5316904263490306
      ],
      "trial": 1,
      "walltime": 0.0
    },
    {
      "config_ids": [
        11
      ],
      "costs": [
        0.4571824263135917
      ],
      "trial": 32,
      "walltime": 0.6203739643096924
    }
  ],
  "state": {
    "queue": [
      [
        34,
        2
      ]
    ]
  }
}