{
  "incumbent_ids": [
    13
  ],
  "rejected_config_ids": [
    2,
    3,
    4,
    5,
    6,
    7,
    8,
    9,
    1,
    10,
    12,
    11,
    14,
    15,
    16,
    17,
    18,
    19,
    20,
    21,
    22,
    23,
    24,
    25,
    26,
    27,
    28,
    29,
    30,
    31,
    32,
    33
  ],
  "incumbents_changed": 4,
  "trajectory": [
    {
      "config_ids": [
        1
      ],
      "costs": [
        0.3497373476700161
      ],
      "trial": 1,
      "walltime": 0.0
    },
    {
      "config_ids": [
        10
      ],
      "costs": [
        0.28483687287880816
      ],
      "trial": 29,
      "walltime": 0.6218059062957764
    },
    {
      "config_ids": [
        11
      ],
      "costs": [
        0.24369997094608584
      ],
      "trial": 32,
      "walltime": 0.6341185569763184
    },
    {
      "config_ids": [
        13
      ],
      "costs": [
        0.24369997094608564
      ],
      "trial": 38,
      "walltime": 0.6597371101379395
    }
  ],
  "state": {
    "queue": [
      [
        34,
        2
      ]
    ]
  }
}