{
  "incumbent_ids": [
    18
  ],
  "rejected_config_ids": [
    2,
    3,
    4,
    5,
    6,
    7,
    8,
    9,
    10,
    11,
    12,
    13,
    14,
    15,
    1,
    17,
    16,
    19,
    20,
    21,
    22,
    23,
    24,
    25,
    26,
    27,
    28,
    29,
    30,
    31,
    32,
    33
  ],
  "incumbents_changed": 3,
  "trajectory": [
    {
      "config_ids": [
        1
      ],
      "costs": [
        0.8714201563338032
      ],
      "trial": 1,
      "walltime": 0.0
    },
    {
      "config_ids": [
        16
      ],
      "costs": [
        0.7345276704587022
      ],
      "trial": 47,
      "walltime": 0.570303201675415
    },
    {
      "config_ids": [
        18
      ],
      "costs": [
        0.7091321963510483
      ],
      "trial": 53,
      "walltime": 0.8208544254302979
    }
  ],
  "state": {
    "queue": [
      [
        34,
        2
      ]
    ]
  }
}