{
  "incumbent_ids": [
    28
  ],
  "rejected_config_ids": [
    2,
    3,
    4,
    5,
    6,
    7,
    8,
    9,
    10,
    11,
    12,
    13,
    14,
    15,
    16,
    17,
    18,
    19,
    20,
    21,
    22,
    23,
    24,
    25,
    26,
    27,
    1,
    29,
    30,
    31,
    32,
    33
  ],
  "incumbents_changed": 2,
  "trajectory": [
    {
      "config_ids": [
        1
      ],
      "costs": [
        0.5294324752439414
      ],
      "trial": 1,
      "walltime": 0.0
    },
    {
      "config_ids": [
        28
      ],
      "costs": [
        0.4576844231495594
      ],
      "trial": 83,
      "walltime": 3.0409886837005615
    }
  ],
  "state": {
    "queue": [
      [
        34,
        2
      ]
    ]
  }
}