{
  "incumbent_ids": [
    26
  ],
  "rejected_config_ids": [
    2,
    3,
    4,
    5,
    6,
    7,
    8,
    9,
    10,
    11,
    12,
    13,
    14,
    1,
    16,
    17,
    18,
    19,
    20,
    21,
    22,
    23,
    24,
    25,
    15,
    27,
    28,
    29,
    30,
    31,
    32,
    33
  ],
  "incumbents_changed": 3,
  "trajectory": [
    {
      "config_ids": [
        1
      ],
      "costs": [
        0.6927773339920991
      ],
      "trial": 1,
      "walltime": 0.0
    },
    {
      "config_ids": [
        15
      ],
      "costs": [
        0.6454494027795388
      ],
      "trial": 44,
      "walltime": 1.2114219665527344
    },
    {
      "config_ids": [
        26
      ],
      "costs": [
        0.39595432389814206
      ],
      "trial": 77,
      "walltime": 2.7976701259613037
    }
  ],
  "state": {
    "queue": [
      [
        34,
        2
      ]
    ]
  }
}