{
  "incumbent_ids": [
    7
  ],
  "rejected_config_ids": [
    1,
    2,
    4,
    5,
    6,
    3,
    8,
    9,
    10,
    11,
    12,
    13,
    14,
    15,
    16,
    17,
    18,
    19,
    20,
    21,
    22,
    23,
    24,
    25,
    26,
    27,
    28,
    29,
    30,
    31,
    32
  ],
  "incumbents_changed": 4,
  "trajectory": [
    {
      "config_ids": [
        1
      ],
      "costs": [
        1.0
      ],
      "trial": 1,
      "walltime": 0.0
    },
    {
      "config_ids": [
        2
      ],
      "costs": [
        0.9966
      ],
      "trial": 4,
      "walltime": 0.13910222053527832
    },
    {
      "config_ids": [
        3
      ],
      "costs": [
        0.9893
      ],
      "trial": 8,
      "walltime": 0.14909958839416504
    },
    {
      "config_ids": [
        7
      ],
      "costs": [
        0.0
      ],
      "trial": 20,
      "walltime": 0.1757678985595703
    }
  ],
  "state": {
    "queue": [
      [
        33,
        1
      ]
    ]
  }
}