{
  "incumbent_ids": [
    18
  ],
  "rejected_config_ids": [
    2,
    3,
    4,
    5,
    6,
    7,
    1,
    9,
    10,
    11,
    12,
    13,
    14,
    15,
    16,
    17,
    8,
    19,
    20,
    21,
    22,
    23,
    24,
    25,
    26,
    27,
    28,
    29,
    30,
    31,
    32
  ],
  "incumbents_changed": 3,
  "trajectory": [
    {
      "config_ids": [
        1
      ],
      "costs": [
        0.9764
      ],
      "trial": 1,
      "walltime": 0.0
    },
    {
      "config_ids": [
        8
      ],
      "costs": [
        0.5812999999999999
      ],
      "trial": 23,
      "walltime": 0.18999886512756348
    },
    {
      "config_ids": [
        18
      ],
      "costs": [
        0.5745
      ],
      "trial": 53,
      "walltime": 0.65199875831604
    }
  ],
  "state": {
    "queue": [
      [
        33,
        1
      ]
    ]
  }
}