{
  "incumbent_ids": [
    26
  ],
  "rejected_config_ids": [
    2,
    3,
    4,
    5,
    6,
    7,
    8,
    9,
    10,
    11,
    12,
    1,
    14,
    15,
    16,
    13,
    18,
    19,
    20,
    21,
    22,
    23,
    24,
    25,
    17,
    27,
    28,
    29,
    30,
    31,
    32,
    33
  ],
  "incumbents_changed": 4,
  "trajectory": [
    {
      "config_ids": [
        1
      ],
      "costs": [
        0.8697262852419376
      ],
      "trial": 1,
      "walltime": 0.0
    },
    {
      "config_ids": [
        13
      ],
      "costs": [
        0.75239692498682
      ],
      "trial": 38,
      "walltime": 0.3639962673187256
    },
    {
      "config_ids": [
        17
      ],
      "costs": [
        0.7345276704587022
      ],
      "trial": 50,
      "walltime": 0.40599894523620605
    },
    {
      "config_ids": [
        26
      ],
      "costs": [
        0.7035782600442827
      ],
      "trial": 77,
      "walltime": 0.7929959297180176
    }
  ],
  "state": {
    "queue": [
      [
        34,
        2
      ]
    ]
  }
}