{
  "incumbent_ids": [
    26
  ],
  "rejected_config_ids": [
    2,
    3,
    4,
    1,
    6,
    7,
    8,
    9,
    10,
    11,
    12,
    5,
    14,
    15,
    16,
    17,
    18,
    19,
    20,
    21,
    22,
    23,
    24,
    25,
    13,
    27,
    28,
    29,
    30,
    31,
    32,
    33
  ],
  "incumbents_changed": 4,
  "trajectory": [
    {
      "config_ids": [
        1
      ],
      "costs": [
        0.9389097451998614
      ],
      "trial": 1,
      "walltime": 0.0
    },
    {
      "config_ids": [
        5
      ],
      "costs": [
        0.9230968717592467
      ],
      "trial": 14,
      "walltime": 0.29829835891723633
    },
    {
      "config_ids": [
        13
      ],
      "costs": [
        0.7345276704587022
      ],
      "trial": 38,
      "walltime": 0.6475009918212891
    },
    {
      "config_ids": [
        26
      ],
      "costs": [
        0.7035782600442827
      ],
      "trial": 77,
      "walltime": 1.4910216331481934
    }
  ],
  "state": {
    "queue": [
      [
        34,
        2
      ]
    ]
  }
}