{
  "incumbent_ids": [
    22
  ],
  "rejected_config_ids": [
    2,
    3,
    4,
    1,
    6,
    7,
    8,
    9,
    10,
    11,
    12,
    13,
    14,
    15,
    5,
    17,
    18,
    19,
    20,
    21,
    16,
    23,
    24,
    25,
    26,
    27,
    28,
    29,
    30,
    31,
    32,
    33
  ],
  "incumbents_changed": 4,
  "trajectory": [
    {
      "config_ids": [
        1
      ],
      "costs": [
        0.9306926262771565
      ],
      "trial": 1,
      "walltime": 0.0
    },
    {
      "config_ids": [
        5
      ],
      "costs": [
        0.9230968717592467
      ],
      "trial": 14,
      "walltime": 0.16578888893127441
    },
    {
      "config_ids": [
        16
      ],
      "costs": [
        0.7345276704587022
      ],
      "trial": 47,
      "walltime": 0.4945797920227051
    },
    {
      "config_ids": [
        22
      ],
      "costs": [
        0.7091321963510483
      ],
      "trial": 65,
      "walltime": 0.7144677639007568
    }
  ],
  "state": {
    "queue": [
      [
        34,
        2
      ]
    ]
  }
}