{
  "incumbent_ids": [
    16
  ],
  "rejected_config_ids": [
    1,
    3,
    4,
    5,
    6,
    7,
    2,
    9,
    10,
    11,
    12,
    13,
    14,
    15,
    8,
    17,
    18,
    19,
    20,
    21,
    22,
    23,
    24,
    25,
    26,
    27,
    28,
    29,
    30,
    31,
    32,
    33
  ],
  "incumbents_changed": 4,
  "trajectory": [
    {
      "config_ids": [
        1
      ],
      "costs": [
        0.9999979924743209
      ],
      "trial": 1,
      "walltime": 0.0
    },
    {
      "config_ids": [
        2
      ],
      "costs": [
        0.8016973768956727
      ],
      "trial": 4,
      "walltime": 0.29599952697753906
    },
    {
      "config_ids": [
        8
      ],
      "costs": [
        0.6532954189313741
      ],
      "trial": 23,
      "walltime": 0.37579345703125
    },
    {
      "config_ids": [
        16
      ],
      "costs": [
        0.5382764848207477
      ],
      "trial": 47,
      "walltime": 0.8159000873565674
    }
  ],
  "state": {
    "queue": [
      [
        34,
        2
      ]
    ]
  }
}