{
  "incumbent_ids": [
    30
  ],
  "rejected_config_ids": [
    2,
    3,
    4,
    5,
    6,
    7,
    8,
    9,
    1,
    11,
    12,
    13,
    14,
    15,
    16,
    17,
    18,
    19,
    20,
    21,
    22,
    23,
    24,
    25,
    26,
    10,
    28,
    29,
    27,
    31,
    32,
    33
  ],
  "incumbents_changed": 4,
  "trajectory": [
    {
      "config_ids": [
        1
      ],
      "costs": [
        0.4510261952586507
      ],
      "trial": 1,
      "walltime": 0.0
    },
    {
      "config_ids": [
        10
      ],
      "costs": [
        0.2503417121817021
      ],
      "trial": 29,
      "walltime": 0.49927496910095215
    },
    {
      "config_ids": [
        27
      ],
      "costs": [
        0.029424857943913686
      ],
      "trial": 80,
      "walltime": 1.1818687915802002
    },
    {
      "config_ids": [
        30
      ],
      "costs": [
        0.00043390185109807184
      ],
      "trial": 89,
      "walltime": 1.2249493598937988
    }
  ],
  "state": {
    "queue": [
      [
        34,
        2
      ]
    ]
  }
}