{
  "incumbent_ids": [
    26
  ],
  "rejected_config_ids": [
    2,
    3,
    4,
    5,
    6,
    7,
    8,
    1,
    9,
    11,
    12,
    13,
    14,
    15,
    16,
    17,
    18,
    19,
    20,
    21,
    22,
    23,
    24,
    25,
    10,
    27,
    28,
    29,
    30,
    31,
    32,
    33
  ],
  "incumbents_changed": 4,
  "trajectory": [
    {
      "config_ids": [
        1
      ],
      "costs": [
        0.8958670520292162
      ],
      "trial": 1,
      "walltime": 0.0
    },
    {
      "config_ids": [
        9
      ],
      "costs": [
        0.7808220980642635
      ],
      "trial": 26,
      "walltime": 0.7920000553131104
    },
    {
      "config_ids": [
        10
      ],
      "costs": [
        0.767819924963892
      ],
      "trial": 29,
      "walltime": 1.2550005912780762
    },
    {
      "config_ids": [
        26
      ],
      "costs": [
        0.18205708385546737
      ],
      "trial": 77,
      "walltime": 2.6355605125427246
    }
  ],
  "state": {
    "queue": [
      [
        34,
        2
      ]
    ]
  }
}