{
  "incumbent_ids": [
    28
  ],
  "rejected_config_ids": [
    2,
    3,
    4,
    5,
    6,
    7,
    8,
    9,
    10,
    11,
    12,
    13,
    14,
    15,
    16,
    17,
    18,
    19,
    20,
    1,
    22,
    23,
    24,
    25,
    21,
    27,
    26,
    29,
    30,
    31,
    32,
    33
  ],
  "incumbents_changed": 4,
  "trajectory": [
    {
      "config_ids": [
        1
      ],
      "costs": [
        0.619602247361985
      ],
      "trial": 1,
      "walltime": 0.0
    },
    {
      "config_ids": [
        21
      ],
      "costs": [
        0.5597332904078428
      ],
      "trial": 62,
      "walltime": 0.6001973152160645
    },
    {
      "config_ids": [
        26
      ],
      "costs": [
        0.28483687287880816
      ],
      "trial": 77,
      "walltime": 0.797569990158081
    },
    {
      "config_ids": [
        28
      ],
      "costs": [
        0.24369997094608584
      ],
      "trial": 83,
      "walltime": 0.8206958770751953
    }
  ],
  "state": {
    "queue": [
      [
        34,
        2
      ]
    ]
  }
}