{
  "incumbent_ids": [
    23
  ],
  "rejected_config_ids": [
    2,
    3,
    4,
    5,
    6,
    7,
    8,
    1,
    10,
    11,
    12,
    13,
    14,
    9,
    16,
    17,
    18,
    19,
    20,
    21,
    22,
    15,
    24,
    25,
    26,
    27,
    28,
    29,
    30,
    31,
    32,
    33
  ],
  "incumbents_changed": 4,
  "trajectory": [
    {
      "config_ids": [
        1
      ],
      "costs": [
        0.9347545024316494
      ],
      "trial": 1,
      "walltime": 0.0
    },
    {
      "config_ids": [
        9
      ],
      "costs": [
        0.7808220980642635
      ],
      "trial": 26,
      "walltime": 0.4031496047973633
    },
    {
      "config_ids": [
        15
      ],
      "costs": [
        0.6939575190616744
      ],
      "trial": 44,
      "walltime": 0.6942367553710938
    },
    {
      "config_ids": [
        23
      ],
      "costs": [
        0.6669149958362613
      ],
      "trial": 68,
      "walltime": 1.026230812072754
    }
  ],
  "state": {
    "queue": [
      [
        34,
        2
      ]
    ]
  }
}