{
  "incumbent_ids": [
    19
  ],
  "rejected_config_ids": [
    2,
    3,
    4,
    5,
    6,
    7,
    8,
    1,
    10,
    11,
    9,
    13,
    14,
    15,
    16,
    17,
    18,
    12,
    20,
    21,
    22,
    23,
    24,
    25,
    26,
    27,
    28,
    29,
    30,
    31,
    32,
    33
  ],
  "incumbents_changed": 4,
  "trajectory": [
    {
      "config_ids": [
        1
      ],
      "costs": [
        0.9445748829276606
      ],
      "trial": 1,
      "walltime": 0.0
    },
    {
      "config_ids": [
        9
      ],
      "costs": [
        0.7808220980642635
      ],
      "trial": 26,
      "walltime": 0.5660717487335205
    },
    {
      "config_ids": [
        12
      ],
      "costs": [
        0.6498368630368841
      ],
      "trial": 35,
      "walltime": 1.1100165843963623
    },
    {
      "config_ids": [
        19
      ],
      "costs": [
        0.18205708385546737
      ],
      "trial": 56,
      "walltime": 1.8128588199615479
    }
  ],
  "state": {
    "queue": [
      [
        34,
        2
      ]
    ]
  }
}