{
  "incumbent_ids": [
    20
  ],
  "rejected_config_ids": [
    2,
    3,
    4,
    5,
    6,
    7,
    8,
    9,
    10,
    11,
    12,
    13,
    14,
    15,
    16,
    17,
    18,
    1,
    19,
    21,
    22,
    23,
    24,
    25,
    26,
    27,
    28,
    29,
    30,
    31,
    32,
    33
  ],
  "incumbents_changed": 3,
  "trajectory": [
    {
      "config_ids": [
        1
      ],
      "costs": [
        0.7593077139591583
      ],
      "trial": 1,
      "walltime": 0.0
    },
    {
      "config_ids": [
        19
      ],
      "costs": [
        0.24195540556865483
      ],
      "trial": 56,
      "walltime": 1.7859995365142822
    },
    {
      "config_ids": [
        20
      ],
      "costs": [
        0.11808335156567835
      ],
      "trial": 59,
      "walltime": 1.8089993000030518
    }
  ],
  "state": {
    "queue": [
      [
        34,
        2
      ]
    ]
  }
}