{
  "incumbent_ids": [
    16
  ],
  "rejected_config_ids": [
    2,
    3,
    4,
    5,
    6,
    7,
    8,
    1,
    10,
    11,
    12,
    13,
    14,
    15,
    9,
    17,
    18,
    19,
    20,
    21,
    22,
    23,
    24,
    25,
    26,
    27,
    28,
    29,
    30,
    31,
    32,
    33
  ],
  "incumbents_changed": 3,
  "trajectory": [
    {
      "config_ids": [
        1
      ],
      "costs": [
        0.920414368026184
      ],
      "trial": 1,
      "walltime": 0.0
    },
    {
      "config_ids": [
        9
      ],
      "costs": [
        0.7808220980642635
      ],
      "trial": 26,
      "walltime": 0.3776102066040039
    },
    {
      "config_ids": [
        16
      ],
      "costs": [
        0.18205708385546737
      ],
      "trial": 47,
      "walltime": 0.8026103973388672
    }
  ],
  "state": {
    "queue": [
      [
        34,
        2
      ]
    ]
  }
}