{
  "incumbent_ids": [
    4
  ],
  "rejected_config_ids": [
    2,
    1,
    3,
    5,
    6,
    7,
    8,
    9,
    10,
    11,
    12,
    13,
    14,
    15,
    16,
    17,
    18,
    19,
    20,
    21,
    22,
    23,
    24,
    25,
    26,
    27,
    28,
    29,
    30,
    31,
    32,
    33
  ],
  "incumbents_changed": 3,
  "trajectory": [
    {
      "config_ids": [
        1
      ],
      "costs": [
        0.9641074165538629
      ],
      "trial": 1,
      "walltime": 0.0
    },
    {
      "config_ids": [
        3
      ],
      "costs": [
        0.9578811148889729
      ],
      "trial": 8,
      "walltime": 0.5082275867462158
    },
    {
      "config_ids": [
        4
      ],
      "costs": [
        0.3300582978232934
      ],
      "trial": 11,
      "walltime": 0.5197067260742188
    }
  ],
  "state": {
    "queue": [
      [
        34,
        2
      ]
    ]
  }
}