{
  "incumbent_ids": [
    17
  ],
  "rejected_config_ids": [
    2,
    3,
    4,
    5,
    6,
    7,
    1,
    9,
    10,
    11,
    12,
    13,
    14,
    15,
    16,
    8,
    18,
    19,
    20,
    21,
    22,
    23,
    24,
    25,
    26,
    27,
    28,
    29,
    30,
    31,
    32,
    33
  ],
  "incumbents_changed": 3,
  "trajectory": [
    {
      "config_ids": [
        1
      ],
      "costs": [
        0.6840293240128218
      ],
      "trial": 1,
      "walltime": 0.0
    },
    {
      "config_ids": [
        8
      ],
      "costs": [
        0.6532954189313741
      ],
      "trial": 23,
      "walltime": 0.38677287101745605
    },
    {
      "config_ids": [
        17
      ],
      "costs": [
        0.5382764848207477
      ],
      "trial": 50,
      "walltime": 0.8472912311553955
    }
  ],
  "state": {
    "queue": [
      [
        34,
        2
      ]
    ]
  }
}