{
  "incumbent_ids": [
    11
  ],
  "rejected_config_ids": [
    2,
    3,
    4,
    5,
    6,
    7,
    1,
    8,
    10,
    9,
    12,
    13,
    14,
    15,
    16,
    17,
    18,
    19,
    20,
    21,
    22,
    23,
    24,
    25,
    26,
    27,
    28,
    29,
    30,
    31,
    32,
    33
  ],
  "incumbents_changed": 4,
  "trajectory": [
    {
      "config_ids": [
        1
      ],
      "costs": [
        0.7996378295392177
      ],
      "trial": 1,
      "walltime": 0.0
    },
    {
      "config_ids": [
        8
      ],
      "costs": [
        0.7064850324271491
      ],
      "trial": 23,
      "walltime": 0.18700003623962402
    },
    {
      "config_ids": [
        9
      ],
      "costs": [
        0.5783986626806412
      ],
      "trial": 26,
      "walltime": 0.19500017166137695
    },
    {
      "config_ids": [
        11
      ],
      "costs": [
        0.5494077065878641
      ],
      "trial": 32,
      "walltime": 0.46200013160705566
    }
  ],
  "state": {
    "queue": [
      [
        34,
        2
      ]
    ]
  }
}