{
  "incumbent_ids": [
    33
  ],
  "rejected_config_ids": [
    2,
    3,
    4,
    5,
    6,
    7,
    8,
    1,
    10,
    11,
    12,
    13,
    14,
    15,
    16,
    17,
    18,
    19,
    20,
    21,
    22,
    23,
    24,
    25,
    9,
    27,
    28,
    29,
    30,
    31,
    32,
    26
  ],
  "incumbents_changed": 4,
  "trajectory": [
    {
      "config_ids": [
        1
      ],
      "costs": [
        0.6254551771779436
      ],
      "trial": 1,
      "walltime": 0.0
    },
    {
      "config_ids": [
        9
      ],
      "costs": [
        0.5783986626806412
      ],
      "trial": 26,
      "walltime": 0.2690854072570801
    },
    {
      "config_ids": [
        26
      ],
      "costs": [
        0.5494077065878258
      ],
      "trial": 77,
      "walltime": 1.1612646579742432
    },
    {
      "config_ids": [
        33
      ],
      "costs": [
        0.42693727160064987
      ],
      "trial": 98,
      "walltime": 1.2659881114959717
    }
  ],
  "state": {
    "queue": [
      [
        34,
        2
      ]
    ]
  }
}