{
  "incumbent_ids": [
    10
  ],
  "rejected_config_ids": [
    2,
    1,
    4,
    5,
    6,
    7,
    8,
    3,
    9,
    11,
    12,
    13,
    14,
    15,
    16,
    17,
    18,
    19,
    20,
    21,
    22,
    23,
    24,
    25,
    26,
    27,
    28,
    29,
    30,
    31,
    32,
    33
  ],
  "incumbents_changed": 4,
  "trajectory": [
    {
      "config_ids": [
        1
      ],
      "costs": [
        0.9827498501380162
      ],
      "trial": 1,
      "walltime": 0.0
    },
    {
      "config_ids": [
        3
      ],
      "costs": [
        0.9578811148889729
      ],
      "trial": 8,
      "walltime": 0.4786660671234131
    },
    {
      "config_ids": [
        9
      ],
      "costs": [
        0.7808220980642635
      ],
      "trial": 26,
      "walltime": 0.5765714645385742
    },
    {
      "config_ids": [
        10
      ],
      "costs": [
        0.4798853839167208
      ],
      "trial": 29,
      "walltime": 1.1425449848175049
    }
  ],
  "state": {
    "queue": [
      [
        34,
        2
      ]
    ]
  }
}